{
    "State0": 0.009417371018400312,
    "State1": 0.007166952430714017,
    "State2": 0.016720539942986994,
    "State3": 0.011292885789035745,
    "State4": 0.0166528575844938,
    "State5": 0.0085681493905676,
    "State6": 0.0042360009726228635,
    "State7": 0.005721914828791312,
    "State8": 0.015227524872188382,
    "State9": 0.007483523625347166,
    "State10": 0.004618119311369737,
    "State11": 0.0031699546958119064,
    "State12": 0.016272705711064275,
    "State13": 0.012006391524521605,
    "State14": 0.0002820414470655203,
    "State15": 0.010750559983429992,
    "State16": 0.008626406365680607,
    "State17": 0.017280011742854935,
    "State18": 0.0049854764212164645,
    "State19": 0.009662913890680193,
    "State20": 0.0031978875449886544,
    "State21": 0.004141889441290336,
    "State22": 0.017434695324643226,
    "State23": 0.018045987416409923,
    "State24": 0.003212240854803471,
    "State25": 0.007887438107512778,
    "State26": 0.015430685005107591,
    "State27": 0.0004148156993570771,
    "State28": 0.016286032869493705,
    "State29": 0.015160524856523264,
    "State30": 0.018026810426519716,
    "State31": 0.005583554738766019,
    "State32": 0.006632933039001334,
    "State33": 0.0031065853077220378,
    "State34": 0.01790934507968961,
    "State35": 0.011084581040544085,
    "State36": 0.01779046692895292,
    "State37": 0.010854169676202325,
    "State38": 0.013976896863424761,
    "State39": 0.006861520426800581,
    "State40": 0.002327774412236496,
    "State41": 0.006725721489192101,
    "State42": 0.01008510894619194,
    "State43": 0.010777537386651317,
    "State44": 0.008316952107003086,
    "State45": 0.0027334183964461646,
    "State46": 0.01348759242030728,
    "State47": 0.010784643204916402,
    "State48": 0.005515882341376391,
    "State49": 0.006552966520395369,
    "State50": 0.017988823817544776,
    "State51": 0.0017321692796634673,
    "State52": 0.0004935507036194388,
    "State53": 0.014694718930091756,
    "State54": 0.01345694032274924,
    "State55": 0.006234070891302679,
    "State56": 0.018119795049847183,
    "State57": 0.01748722329140833,
    "State58": 0.007888458542456924,
    "State59": 0.016457620151479415,
    "State60": 0.002035296357771003,
    "State61": 0.009056618316619199,
    "State62": 0.002793502615519037,
    "State63": 0.009646752923136319,
    "State64": 0.011466752174566275,
    "State65": 0.017465109419526843,
    "State66": 0.005604135576975697,
    "State67": 0.008870348526862144,
    "State68": 0.017707353116715095,
    "State69": 0.011380572250638979,
    "State70": 0.01386838839777965,
    "State71": 0.01158405742513106,
    "State72": 0.0013548884706066236,
    "State73": 0.009947445305506118,
    "State74": 0.016430214628805753,
    "State75": 0.0179295476769502,
    "State76": 0.0074534733256118165,
    "State77": 0.0005571825992992132,
    "State78": 0.006657123559819442,
    "State79": 0.002449011868117536,
    "State80": 0.017718878197539444,
    "State81": 0.01613937529247936,
    "State82": 0.011086404061510846,
    "State83": 0.012795060248223593,
    "State84": 0.017533958017869465,
    "State85": 0.007831413803841144,
    "State86": 0.011078660412798562,
    "State87": 0.0006709770285340063,
    "State88": 0.007931169684318238,
    "State89": 0.017898222289199885,
    "State90": 0.01787075818476874,
    "State91": 0.002968748854619774,
    "State92": 0.017278035583174575,
    "State93": 0.015097827519174852,
    "State94": 0.004118104602920347,
    "State95": 0.017556848123104988,
    "State96": 0.010373850481449823,
    "State97": 0.0027480373797481457,
    "State98": 0.0014655565052681414,
    "State99": 0.010538008792021497
}